Location,Cases,Case Range,AsOf
Non-US Resident,3,1 to 10,2022-11-07
Alabama,169,101 to 500,2022-11-07
Alaska,5,1 to 10,2022-11-07
Arizona,538,>500,2022-11-07
Arkansas,70,51 to 100,2022-11-07
California,5512,>500,2022-11-07
Colorado,344,101 to 500,2022-11-07
Connecticut,143,101 to 500,2022-11-07
Delaware,41,11 to 50,2022-11-07
District of Columbia,520,>500,2022-11-07
Florida,2760,>500,2022-11-07
Georgia,1927,>500,2022-11-07
Hawaii,35,11 to 50,2022-11-07
Idaho,15,11 to 50,2022-11-07
Illinois,1395,>500,2022-11-07
Indiana,258,101 to 500,2022-11-07
Iowa,27,11 to 50,2022-11-07
Kansas,36,11 to 50,2022-11-07
Kentucky,74,51 to 100,2022-11-07
Louisiana,283,101 to 500,2022-11-07
Maine,12,11 to 50,2022-11-07
Maryland,721,>500,2022-11-07
Massachusetts,439,101 to 500,2022-11-07
Michigan,338,101 to 500,2022-11-07
Minnesota,233,101 to 500,2022-11-07
Mississippi,105,101 to 500,2022-11-07
Missouri,166,101 to 500,2022-11-07
Montana,7,1 to 10,2022-11-07
Nebraska,31,11 to 50,2022-11-07
Nevada,304,101 to 500,2022-11-07
New Hampshire,31,11 to 50,2022-11-07
New Jersey,751,>500,2022-11-07
New Mexico,50,11 to 50,2022-11-07
New York,4127,>500,2022-11-07
North Carolina,659,>500,2022-11-07
North Dakota,6,1 to 10,2022-11-07
Ohio,348,101 to 500,2022-11-07
Oklahoma,61,51 to 100,2022-11-07
Oregon,239,101 to 500,2022-11-07
Pennsylvania,844,>500,2022-11-07
Puerto Rico,198,101 to 500,2022-11-07
Rhode Island,80,51 to 100,2022-11-07
South Carolina,212,101 to 500,2022-11-07
South Dakota,3,1 to 10,2022-11-07
Tennessee,364,101 to 500,2022-11-07
Texas,2756,>500,2022-11-07
Utah,184,101 to 500,2022-11-07
Vermont,3,1 to 10,2022-11-07
Virginia,534,>500,2022-11-07
Washington,645,>500,2022-11-07
West Virginia,12,11 to 50,2022-11-07
Wisconsin,87,51 to 100,2022-11-07
Wyoming,4,1 to 10,2022-11-07
Total,28709,,2022-11-07
Non-US Resident,3,1 to 10,2022-11-04
Alabama,168,101 to 500,2022-11-04
Alaska,5,1 to 10,2022-11-04
Arizona,538,>500,2022-11-04
Arkansas,70,51 to 100,2022-11-04
California,5512,>500,2022-11-04
Colorado,344,101 to 500,2022-11-04
Connecticut,143,101 to 500,2022-11-04
Delaware,41,11 to 50,2022-11-04
District of Columbia,520,>500,2022-11-04
Florida,2751,>500,2022-11-04
Georgia,1921,>500,2022-11-04
Hawaii,35,11 to 50,2022-11-04
Idaho,15,11 to 50,2022-11-04
Illinois,1391,>500,2022-11-04
Indiana,257,101 to 500,2022-11-04
Iowa,27,11 to 50,2022-11-04
Kansas,36,11 to 50,2022-11-04
Kentucky,74,51 to 100,2022-11-04
Louisiana,283,101 to 500,2022-11-04
Maine,12,11 to 50,2022-11-04
Maryland,719,>500,2022-11-04
Massachusetts,439,101 to 500,2022-11-04
Michigan,338,101 to 500,2022-11-04
Minnesota,233,101 to 500,2022-11-04
Mississippi,105,101 to 500,2022-11-04
Missouri,165,101 to 500,2022-11-04
Montana,7,1 to 10,2022-11-04
Nebraska,31,11 to 50,2022-11-04
Nevada,304,101 to 500,2022-11-04
New Hampshire,30,11 to 50,2022-11-04
New Jersey,751,>500,2022-11-04
New Mexico,50,11 to 50,2022-11-04
New York,4119,>500,2022-11-04
North Carolina,659,>500,2022-11-04
North Dakota,6,1 to 10,2022-11-04
Ohio,345,101 to 500,2022-11-04
Oklahoma,61,51 to 100,2022-11-04
Oregon,238,101 to 500,2022-11-04
Pennsylvania,844,>500,2022-11-04
Puerto Rico,198,101 to 500,2022-11-04
Rhode Island,80,51 to 100,2022-11-04
South Carolina,211,101 to 500,2022-11-04
South Dakota,3,1 to 10,2022-11-04
Tennessee,362,101 to 500,2022-11-04
Texas,2744,>500,2022-11-04
Utah,182,101 to 500,2022-11-04
Vermont,3,1 to 10,2022-11-04
Virginia,534,>500,2022-11-04
Washington,647,>500,2022-11-04
West Virginia,12,11 to 50,2022-11-04
Wisconsin,87,51 to 100,2022-11-04
Wyoming,4,1 to 10,2022-11-04
Total,28657,,2022-11-04
Non-US Resident,3,1 to 10,2022-11-03
Alabama,167,101 to 500,2022-11-03
Alaska,5,1 to 10,2022-11-03
Arizona,538,>500,2022-11-03
Arkansas,70,51 to 100,2022-11-03
California,5512,>500,2022-11-03
Colorado,344,101 to 500,2022-11-03
Connecticut,143,101 to 500,2022-11-03
Delaware,41,11 to 50,2022-11-03
District of Columbia,518,>500,2022-11-03
Florida,2745,>500,2022-11-03
Georgia,1919,>500,2022-11-03
Hawaii,35,11 to 50,2022-11-03
Idaho,15,11 to 50,2022-11-03
Illinois,1391,>500,2022-11-03
Indiana,257,101 to 500,2022-11-03
Iowa,27,11 to 50,2022-11-03
Kansas,36,11 to 50,2022-11-03
Kentucky,73,51 to 100,2022-11-03
Louisiana,283,101 to 500,2022-11-03
Maine,12,11 to 50,2022-11-03
Maryland,718,>500,2022-11-03
Massachusetts,439,101 to 500,2022-11-03
Michigan,338,101 to 500,2022-11-03
Minnesota,233,101 to 500,2022-11-03
Mississippi,105,101 to 500,2022-11-03
Missouri,163,101 to 500,2022-11-03
Montana,7,1 to 10,2022-11-03
Nebraska,31,11 to 50,2022-11-03
Nevada,304,101 to 500,2022-11-03
New Hampshire,30,11 to 50,2022-11-03
New Jersey,751,>500,2022-11-03
New Mexico,50,11 to 50,2022-11-03
New York,4115,>500,2022-11-03
North Carolina,659,>500,2022-11-03
North Dakota,6,1 to 10,2022-11-03
Ohio,343,101 to 500,2022-11-03
Oklahoma,61,51 to 100,2022-11-03
Oregon,238,101 to 500,2022-11-03
Pennsylvania,841,>500,2022-11-03
Puerto Rico,196,101 to 500,2022-11-03
Rhode Island,80,51 to 100,2022-11-03
South Carolina,211,101 to 500,2022-11-03
South Dakota,3,1 to 10,2022-11-03
Tennessee,360,101 to 500,2022-11-03
Texas,2736,>500,2022-11-03
Utah,182,101 to 500,2022-11-03
Vermont,3,1 to 10,2022-11-03
Virginia,533,>500,2022-11-03
Washington,646,>500,2022-11-03
West Virginia,12,11 to 50,2022-11-03
Wisconsin,87,51 to 100,2022-11-03
Wyoming,4,1 to 10,2022-11-03
Total,28619,,2022-11-03
Non-US Resident,3,1 to 10,2022-11-02
Alabama,167,101 to 500,2022-11-02
Alaska,5,1 to 10,2022-11-02
Arizona,538,>500,2022-11-02
Arkansas,70,51 to 100,2022-11-02
California,5450,>500,2022-11-02
Colorado,344,101 to 500,2022-11-02
Connecticut,143,101 to 500,2022-11-02
Delaware,41,11 to 50,2022-11-02
District of Columbia,518,>500,2022-11-02
Florida,2741,>500,2022-11-02
Georgia,1916,>500,2022-11-02
Hawaii,35,11 to 50,2022-11-02
Idaho,15,11 to 50,2022-11-02
Illinois,1384,>500,2022-11-02
Indiana,254,101 to 500,2022-11-02
Iowa,27,11 to 50,2022-11-02
Kansas,36,11 to 50,2022-11-02
Kentucky,71,51 to 100,2022-11-02
Louisiana,283,101 to 500,2022-11-02
Maine,12,11 to 50,2022-11-02
Maryland,717,>500,2022-11-02
Massachusetts,439,101 to 500,2022-11-02
Michigan,338,101 to 500,2022-11-02
Minnesota,233,101 to 500,2022-11-02
Mississippi,105,101 to 500,2022-11-02
Missouri,162,101 to 500,2022-11-02
Montana,7,1 to 10,2022-11-02
Nebraska,31,11 to 50,2022-11-02
Nevada,298,101 to 500,2022-11-02
New Hampshire,30,11 to 50,2022-11-02
New Jersey,751,>500,2022-11-02
New Mexico,50,11 to 50,2022-11-02
New York,4112,>500,2022-11-02
North Carolina,649,>500,2022-11-02
North Dakota,6,1 to 10,2022-11-02
Ohio,339,101 to 500,2022-11-02
Oklahoma,61,51 to 100,2022-11-02
Oregon,238,101 to 500,2022-11-02
Pennsylvania,838,>500,2022-11-02
Puerto Rico,196,101 to 500,2022-11-02
Rhode Island,79,51 to 100,2022-11-02
South Carolina,210,101 to 500,2022-11-02
South Dakota,3,1 to 10,2022-11-02
Tennessee,359,101 to 500,2022-11-02
Texas,2722,>500,2022-11-02
Utah,182,101 to 500,2022-11-02
Vermont,3,1 to 10,2022-11-02
Virginia,533,>500,2022-11-02
Washington,645,>500,2022-11-02
West Virginia,12,11 to 50,2022-11-02
Wisconsin,87,51 to 100,2022-11-02
Wyoming,4,1 to 10,2022-11-02
Total,28492,,2022-11-02
Non-US Resident,3,1 to 10,2022-11-01
Alabama,167,101 to 500,2022-11-01
Alaska,5,1 to 10,2022-11-01
Arizona,538,>500,2022-11-01
Arkansas,70,51 to 100,2022-11-01
California,5450,>500,2022-11-01
Colorado,334,101 to 500,2022-11-01
Connecticut,143,101 to 500,2022-11-01
Delaware,41,11 to 50,2022-11-01
District of Columbia,518,>500,2022-11-01
Florida,2739,>500,2022-11-01
Georgia,1913,>500,2022-11-01
Hawaii,35,11 to 50,2022-11-01
Idaho,15,11 to 50,2022-11-01
Illinois,1384,>500,2022-11-01
Indiana,254,101 to 500,2022-11-01
Iowa,27,11 to 50,2022-11-01
Kansas,36,11 to 50,2022-11-01
Kentucky,71,51 to 100,2022-11-01
Louisiana,274,101 to 500,2022-11-01
Maine,12,11 to 50,2022-11-01
Maryland,716,>500,2022-11-01
Massachusetts,439,101 to 500,2022-11-01
Michigan,338,101 to 500,2022-11-01
Minnesota,233,101 to 500,2022-11-01
Mississippi,105,101 to 500,2022-11-01
Missouri,162,101 to 500,2022-11-01
Montana,7,1 to 10,2022-11-01
Nebraska,31,11 to 50,2022-11-01
Nevada,298,101 to 500,2022-11-01
New Hampshire,30,11 to 50,2022-11-01
New Jersey,745,>500,2022-11-01
New Mexico,50,11 to 50,2022-11-01
New York,4108,>500,2022-11-01
North Carolina,649,>500,2022-11-01
North Dakota,6,1 to 10,2022-11-01
Ohio,335,101 to 500,2022-11-01
Oklahoma,61,51 to 100,2022-11-01
Oregon,238,101 to 500,2022-11-01
Pennsylvania,837,>500,2022-11-01
Puerto Rico,196,101 to 500,2022-11-01
Rhode Island,79,51 to 100,2022-11-01
South Carolina,210,101 to 500,2022-11-01
South Dakota,3,1 to 10,2022-11-01
Tennessee,359,101 to 500,2022-11-01
Texas,2720,>500,2022-11-01
Utah,180,101 to 500,2022-11-01
Vermont,3,1 to 10,2022-11-01
Virginia,529,>500,2022-11-01
Washington,644,>500,2022-11-01
West Virginia,12,11 to 50,2022-11-01
Wisconsin,86,51 to 100,2022-11-01
Wyoming,4,1 to 10,2022-11-01
Total,28442,,2022-11-01
Non-US Resident,3,1 to 10,2022-10-28
Alabama,166,101 to 500,2022-10-28
Alaska,5,1 to 10,2022-10-28
Arizona,538,>500,2022-10-28
Arkansas,70,51 to 100,2022-10-28
California,5450,>500,2022-10-28
Colorado,334,101 to 500,2022-10-28
Connecticut,141,101 to 500,2022-10-28
Delaware,41,11 to 50,2022-10-28
District of Columbia,516,>500,2022-10-28
Florida,2716,>500,2022-10-28
Georgia,1909,>500,2022-10-28
Hawaii,35,11 to 50,2022-10-28
Idaho,15,11 to 50,2022-10-28
Illinois,1372,>500,2022-10-28
Indiana,253,101 to 500,2022-10-28
Iowa,27,11 to 50,2022-10-28
Kansas,34,11 to 50,2022-10-28
Kentucky,67,51 to 100,2022-10-28
Louisiana,274,101 to 500,2022-10-28
Maine,11,11 to 50,2022-10-28
Maryland,711,>500,2022-10-28
Massachusetts,435,101 to 500,2022-10-28
Michigan,327,101 to 500,2022-10-28
Minnesota,233,101 to 500,2022-10-28
Mississippi,105,101 to 500,2022-10-28
Missouri,159,101 to 500,2022-10-28
Montana,7,1 to 10,2022-10-28
Nebraska,31,11 to 50,2022-10-28
Nevada,298,101 to 500,2022-10-28
New Hampshire,30,11 to 50,2022-10-28
New Jersey,745,>500,2022-10-28
New Mexico,48,11 to 50,2022-10-28
New York,4096,>500,2022-10-28
North Carolina,649,>500,2022-10-28
North Dakota,6,1 to 10,2022-10-28
Ohio,329,101 to 500,2022-10-28
Oklahoma,60,51 to 100,2022-10-28
Oregon,237,101 to 500,2022-10-28
Pennsylvania,833,>500,2022-10-28
Puerto Rico,195,101 to 500,2022-10-28
Rhode Island,79,51 to 100,2022-10-28
South Carolina,207,101 to 500,2022-10-28
South Dakota,3,1 to 10,2022-10-28
Tennessee,350,101 to 500,2022-10-28
Texas,2699,>500,2022-10-28
Utah,178,101 to 500,2022-10-28
Vermont,3,1 to 10,2022-10-28
Virginia,528,>500,2022-10-28
Washington,641,>500,2022-10-28
West Virginia,12,11 to 50,2022-10-28
Wisconsin,87,51 to 100,2022-10-28
Wyoming,4,1 to 10,2022-10-28
Total,28302,,2022-10-28
Non-US Resident,3,1 to 10,2022-10-27
Alabama,166,101 to 500,2022-10-27
Alaska,5,1 to 10,2022-10-27
Arizona,538,>500,2022-10-27
Arkansas,67,51 to 100,2022-10-27
California,5450,>500,2022-10-27
Colorado,334,101 to 500,2022-10-27
Connecticut,141,101 to 500,2022-10-27
Delaware,41,11 to 50,2022-10-27
District of Columbia,517,>500,2022-10-27
Florida,2710,>500,2022-10-27
Georgia,1904,>500,2022-10-27
Hawaii,35,11 to 50,2022-10-27
Idaho,15,11 to 50,2022-10-27
Illinois,1367,>500,2022-10-27
Indiana,251,101 to 500,2022-10-27
Iowa,27,11 to 50,2022-10-27
Kansas,34,11 to 50,2022-10-27
Kentucky,67,51 to 100,2022-10-27
Louisiana,274,101 to 500,2022-10-27
Maine,12,11 to 50,2022-10-27
Maryland,709,>500,2022-10-27
Massachusetts,435,101 to 500,2022-10-27
Michigan,327,101 to 500,2022-10-27
Minnesota,232,101 to 500,2022-10-27
Mississippi,105,101 to 500,2022-10-27
Missouri,157,101 to 500,2022-10-27
Montana,7,1 to 10,2022-10-27
Nebraska,31,11 to 50,2022-10-27
Nevada,298,101 to 500,2022-10-27
New Hampshire,30,11 to 50,2022-10-27
New Jersey,745,>500,2022-10-27
New Mexico,48,11 to 50,2022-10-27
New York,4084,>500,2022-10-27
North Carolina,649,>500,2022-10-27
North Dakota,6,1 to 10,2022-10-27
Ohio,328,101 to 500,2022-10-27
Oklahoma,59,51 to 100,2022-10-27
Oregon,235,101 to 500,2022-10-27
Pennsylvania,833,>500,2022-10-27
Puerto Rico,195,101 to 500,2022-10-27
Rhode Island,79,51 to 100,2022-10-27
South Carolina,204,101 to 500,2022-10-27
South Dakota,3,1 to 10,2022-10-27
Tennessee,350,101 to 500,2022-10-27
Texas,2688,>500,2022-10-27
Utah,176,101 to 500,2022-10-27
Vermont,3,1 to 10,2022-10-27
Virginia,526,>500,2022-10-27
Washington,641,>500,2022-10-27
West Virginia,12,11 to 50,2022-10-27
Wisconsin,87,51 to 100,2022-10-27
Wyoming,4,1 to 10,2022-10-27
Total,28244,,2022-10-27
Non-US Resident,3,1 to 10,2022-10-26
Alabama,166,101 to 500,2022-10-26
Alaska,5,1 to 10,2022-10-26
Arizona,538,>500,2022-10-26
Arkansas,67,51 to 100,2022-10-26
California,5372,>500,2022-10-26
Colorado,323,101 to 500,2022-10-26
Connecticut,140,101 to 500,2022-10-26
Delaware,41,11 to 50,2022-10-26
District of Columbia,517,>500,2022-10-26
Florida,2697,>500,2022-10-26
Georgia,1899,>500,2022-10-26
Hawaii,35,11 to 50,2022-10-26
Idaho,15,11 to 50,2022-10-26
Illinois,1367,>500,2022-10-26
Indiana,250,101 to 500,2022-10-26
Iowa,27,11 to 50,2022-10-26
Kansas,34,11 to 50,2022-10-26
Kentucky,67,51 to 100,2022-10-26
Louisiana,273,101 to 500,2022-10-26
Maine,13,11 to 50,2022-10-26
Maryland,704,>500,2022-10-26
Massachusetts,432,101 to 500,2022-10-26
Michigan,327,101 to 500,2022-10-26
Minnesota,230,101 to 500,2022-10-26
Mississippi,104,101 to 500,2022-10-26
Missouri,157,101 to 500,2022-10-26
Montana,10,1 to 10,2022-10-26
Nebraska,31,11 to 50,2022-10-26
Nevada,298,101 to 500,2022-10-26
New Hampshire,30,11 to 50,2022-10-26
New Jersey,745,>500,2022-10-26
New Mexico,48,11 to 50,2022-10-26
New York,4081,>500,2022-10-26
North Carolina,634,>500,2022-10-26
North Dakota,6,1 to 10,2022-10-26
Ohio,325,101 to 500,2022-10-26
Oklahoma,59,51 to 100,2022-10-26
Oregon,235,101 to 500,2022-10-26
Pennsylvania,832,>500,2022-10-26
Puerto Rico,195,101 to 500,2022-10-26
Rhode Island,79,51 to 100,2022-10-26
South Carolina,204,101 to 500,2022-10-26
South Dakota,3,1 to 10,2022-10-26
Tennessee,350,101 to 500,2022-10-26
Texas,2677,>500,2022-10-26
Utah,176,101 to 500,2022-10-26
Vermont,3,1 to 10,2022-10-26
Virginia,521,>500,2022-10-26
Washington,640,>500,2022-10-26
West Virginia,12,11 to 50,2022-10-26
Wisconsin,86,51 to 100,2022-10-26
Wyoming,4,1 to 10,2022-10-26
Total,28087,,2022-10-26
Non-US Resident,3,1 to 10,2022-10-25
Alabama,166,101 to 500,2022-10-25
Alaska,5,1 to 10,2022-10-25
Arizona,538,>500,2022-10-25
Arkansas,66,51 to 100,2022-10-25
California,5372,>500,2022-10-25
Colorado,312,101 to 500,2022-10-25
Connecticut,140,101 to 500,2022-10-25
Delaware,41,11 to 50,2022-10-25
District of Columbia,517,>500,2022-10-25
Florida,2697,>500,2022-10-25
Georgia,1899,>500,2022-10-25
Hawaii,35,11 to 50,2022-10-25
Idaho,15,11 to 50,2022-10-25
Illinois,1364,>500,2022-10-25
Indiana,250,101 to 500,2022-10-25
Iowa,27,11 to 50,2022-10-25
Kansas,34,11 to 50,2022-10-25
Kentucky,67,51 to 100,2022-10-25
Louisiana,273,101 to 500,2022-10-25
Maine,13,11 to 50,2022-10-25
Maryland,702,>500,2022-10-25
Massachusetts,432,101 to 500,2022-10-25
Michigan,327,101 to 500,2022-10-25
Minnesota,228,101 to 500,2022-10-25
Mississippi,104,101 to 500,2022-10-25
Missouri,157,101 to 500,2022-10-25
Montana,7,1 to 10,2022-10-25
Nebraska,31,11 to 50,2022-10-25
Nevada,298,101 to 500,2022-10-25
New Hampshire,30,11 to 50,2022-10-25
New Jersey,743,>500,2022-10-25
New Mexico,51,51 to 100,2022-10-25
New York,4082,>500,2022-10-25
North Carolina,634,>500,2022-10-25
North Dakota,6,1 to 10,2022-10-25
Ohio,323,101 to 500,2022-10-25
Oklahoma,59,51 to 100,2022-10-25
Oregon,235,101 to 500,2022-10-25
Pennsylvania,829,>500,2022-10-25
Puerto Rico,195,101 to 500,2022-10-25
Rhode Island,79,51 to 100,2022-10-25
South Carolina,203,101 to 500,2022-10-25
South Dakota,3,1 to 10,2022-10-25
Tennessee,350,101 to 500,2022-10-25
Texas,2677,>500,2022-10-25
Utah,176,101 to 500,2022-10-25
Vermont,3,1 to 10,2022-10-25
Virginia,521,>500,2022-10-25
Washington,640,>500,2022-10-25
West Virginia,12,11 to 50,2022-10-25
Wisconsin,86,51 to 100,2022-10-25
Wyoming,4,1 to 10,2022-10-25
Total,28061,,2022-10-25
Non-US Resident,3,1 to 10,2022-10-03
Alabama,130,101 to 500,2022-10-03
Alaska,5,1 to 10,2022-10-03
Arizona,474,101 to 500,2022-10-03
Arkansas,59,51 to 100,2022-10-03
California,5010,>500,2022-10-03
Colorado,278,101 to 500,2022-10-03
Connecticut,126,101 to 500,2022-10-03
Delaware,38,11 to 50,2022-10-03
District of Columbia,497,101 to 500,2022-10-03
Florida,2543,>500,2022-10-03
Georgia,1815,>500,2022-10-03
Hawaii,34,11 to 50,2022-10-03
Idaho,13,11 to 50,2022-10-03
Illinois,1315,>500,2022-10-03
Indiana,234,101 to 500,2022-10-03
Iowa,25,11 to 50,2022-10-03
Kansas,14,11 to 50,2022-10-03
Kentucky,56,51 to 100,2022-10-03
Louisiana,254,101 to 500,2022-10-03
Maine,9,1 to 10,2022-10-03
Maryland,662,>500,2022-10-03
Massachusetts,402,101 to 500,2022-10-03
Michigan,266,101 to 500,2022-10-03
Minnesota,202,101 to 500,2022-10-03
Mississippi,87,51 to 100,2022-10-03
Missouri,119,101 to 500,2022-10-03
Montana,6,1 to 10,2022-10-03
Nebraska,29,11 to 50,2022-10-03
Nevada,267,101 to 500,2022-10-03
New Hampshire,30,11 to 50,2022-10-03
New Jersey,720,>500,2022-10-03
New Mexico,42,11 to 50,2022-10-03
New York,3948,>500,2022-10-03
North Carolina,566,>500,2022-10-03
North Dakota,6,1 to 10,2022-10-03
Ohio,281,101 to 500,2022-10-03
Oklahoma,43,11 to 50,2022-10-03
Oregon,216,101 to 500,2022-10-03
Pennsylvania,773,>500,2022-10-03
Puerto Rico,183,101 to 500,2022-10-03
Rhode Island,74,51 to 100,2022-10-03
South Carolina,172,101 to 500,2022-10-03
South Dakota,2,1 to 10,2022-10-03
Tennessee,309,101 to 500,2022-10-03
Texas,2372,>500,2022-10-03
Utah,161,101 to 500,2022-10-03
Vermont,3,1 to 10,2022-10-03
Virginia,484,101 to 500,2022-10-03
Washington,600,>500,2022-10-03
West Virginia,12,11 to 50,2022-10-03
Wisconsin,76,51 to 100,2022-10-03
Wyoming,4,1 to 10,2022-10-03
Total,26049,,2022-10-03
Non-US Resident,3,1 to 10,2022-09-29
Alabama,115,101 to 500,2022-09-29
Alaska,5,1 to 10,2022-09-29
Arizona,473,101 to 500,2022-09-29
Arkansas,58,51 to 100,2022-09-29
California,4886,>500,2022-09-29
Colorado,278,101 to 500,2022-09-29
Connecticut,125,101 to 500,2022-09-29
Delaware,37,11 to 50,2022-09-29
District of Columbia,497,101 to 500,2022-09-29
Florida,2520,>500,2022-09-29
Georgia,1785,>500,2022-09-29
Hawaii,34,11 to 50,2022-09-29
Idaho,13,11 to 50,2022-09-29
Illinois,1306,>500,2022-09-29
Indiana,232,101 to 500,2022-09-29
Iowa,25,11 to 50,2022-09-29
Kansas,14,11 to 50,2022-09-29
Kentucky,53,51 to 100,2022-09-29
Louisiana,254,101 to 500,2022-09-29
Maine,9,1 to 10,2022-09-29
Maryland,657,>500,2022-09-29
Massachusetts,396,101 to 500,2022-09-29
Michigan,266,101 to 500,2022-09-29
Minnesota,195,101 to 500,2022-09-29
Mississippi,85,51 to 100,2022-09-29
Missouri,103,101 to 500,2022-09-29
Montana,5,1 to 10,2022-09-29
Nebraska,28,11 to 50,2022-09-29
Nevada,266,101 to 500,2022-09-29
New Hampshire,29,11 to 50,2022-09-29
New Jersey,706,>500,2022-09-29
New Mexico,40,11 to 50,2022-09-29
New York,3914,>500,2022-09-29
North Carolina,566,>500,2022-09-29
North Dakota,6,1 to 10,2022-09-29
Ohio,279,101 to 500,2022-09-29
Oklahoma,39,11 to 50,2022-09-29
Oregon,214,101 to 500,2022-09-29
Pennsylvania,758,>500,2022-09-29
Puerto Rico,179,101 to 500,2022-09-29
Rhode Island,74,51 to 100,2022-09-29
South Carolina,169,101 to 500,2022-09-29
South Dakota,2,1 to 10,2022-09-29
Tennessee,287,101 to 500,2022-09-29
Texas,2311,>500,2022-09-29
Utah,159,101 to 500,2022-09-29
Vermont,3,1 to 10,2022-09-29
Virginia,464,101 to 500,2022-09-29
Washington,600,>500,2022-09-29
West Virginia,12,11 to 50,2022-09-29
Wisconsin,75,51 to 100,2022-09-29
Wyoming,4,1 to 10,2022-09-29
Total,25613,,2022-09-29
Non-US Resident,3,1 to 10,2022-09-28
Alabama,115,101 to 500,2022-09-28
Alaska,5,1 to 10,2022-09-28
Arizona,473,101 to 500,2022-09-28
Arkansas,58,51 to 100,2022-09-28
California,4886,>500,2022-09-28
Colorado,278,101 to 500,2022-09-28
Connecticut,125,101 to 500,2022-09-28
Delaware,36,11 to 50,2022-09-28
District of Columbia,495,101 to 500,2022-09-28
Florida,2508,>500,2022-09-28
Georgia,1784,>500,2022-09-28
Hawaii,29,11 to 50,2022-09-28
Idaho,13,11 to 50,2022-09-28
Illinois,1305,>500,2022-09-28
Indiana,228,101 to 500,2022-09-28
Iowa,25,11 to 50,2022-09-28
Kansas,10,1 to 10,2022-09-28
Kentucky,53,51 to 100,2022-09-28
Louisiana,247,101 to 500,2022-09-28
Maine,9,1 to 10,2022-09-28
Maryland,657,>500,2022-09-28
Massachusetts,390,101 to 500,2022-09-28
Michigan,266,101 to 500,2022-09-28
Minnesota,193,101 to 500,2022-09-28
Mississippi,85,51 to 100,2022-09-28
Missouri,103,101 to 500,2022-09-28
Montana,5,1 to 10,2022-09-28
Nebraska,28,11 to 50,2022-09-28
Nevada,264,101 to 500,2022-09-28
New Hampshire,29,11 to 50,2022-09-28
New Jersey,701,>500,2022-09-28
New Mexico,40,11 to 50,2022-09-28
New York,3904,>500,2022-09-28
North Carolina,566,>500,2022-09-28
North Dakota,6,1 to 10,2022-09-28
Ohio,275,101 to 500,2022-09-28
Oklahoma,38,11 to 50,2022-09-28
Oregon,214,101 to 500,2022-09-28
Pennsylvania,754,>500,2022-09-28
Puerto Rico,179,101 to 500,2022-09-28
Rhode Island,73,51 to 100,2022-09-28
South Carolina,164,101 to 500,2022-09-28
South Dakota,2,1 to 10,2022-09-28
Tennessee,282,101 to 500,2022-09-28
Texas,2299,>500,2022-09-28
Utah,157,101 to 500,2022-09-28
Vermont,3,1 to 10,2022-09-28
Virginia,464,101 to 500,2022-09-28
Washington,593,>500,2022-09-28
West Virginia,11,11 to 50,2022-09-28
Wisconsin,75,51 to 100,2022-09-28
Wyoming,4,1 to 10,2022-09-28
Total,25509,,2022-09-28
Non-US Resident,3,1 to 10,2022-09-27
Alabama,115,101 to 500,2022-09-27
Alaska,5,1 to 10,2022-09-27
Arizona,466,101 to 500,2022-09-27
Arkansas,58,51 to 100,2022-09-27
California,4886,>500,2022-09-27
Colorado,263,101 to 500,2022-09-27
Connecticut,124,101 to 500,2022-09-27
Delaware,36,11 to 50,2022-09-27
District of Columbia,496,101 to 500,2022-09-27
Florida,2501,>500,2022-09-27
Georgia,1773,>500,2022-09-27
Hawaii,29,11 to 50,2022-09-27
Idaho,12,11 to 50,2022-09-27
Illinois,1300,>500,2022-09-27
Indiana,228,101 to 500,2022-09-27
Iowa,25,11 to 50,2022-09-27
Kansas,10,1 to 10,2022-09-27
Kentucky,53,51 to 100,2022-09-27
Louisiana,247,101 to 500,2022-09-27
Maine,9,1 to 10,2022-09-27
Maryland,650,>500,2022-09-27
Massachusetts,390,101 to 500,2022-09-27
Michigan,266,101 to 500,2022-09-27
Minnesota,189,101 to 500,2022-09-27
Mississippi,82,51 to 100,2022-09-27
Missouri,97,51 to 100,2022-09-27
Montana,5,1 to 10,2022-09-27
Nebraska,28,11 to 50,2022-09-27
Nevada,263,101 to 500,2022-09-27
New Hampshire,29,11 to 50,2022-09-27
New Jersey,698,>500,2022-09-27
New Mexico,40,11 to 50,2022-09-27
New York,3895,>500,2022-09-27
North Carolina,510,>500,2022-09-27
North Dakota,6,1 to 10,2022-09-27
Ohio,275,101 to 500,2022-09-27
Oklahoma,37,11 to 50,2022-09-27
Oregon,214,101 to 500,2022-09-27
Pennsylvania,748,>500,2022-09-27
Puerto Rico,172,101 to 500,2022-09-27
Rhode Island,73,51 to 100,2022-09-27
South Carolina,161,101 to 500,2022-09-27
South Dakota,2,1 to 10,2022-09-27
Tennessee,284,101 to 500,2022-09-27
Texas,2292,>500,2022-09-27
Utah,152,101 to 500,2022-09-27
Vermont,3,1 to 10,2022-09-27
Virginia,464,101 to 500,2022-09-27
Washington,587,>500,2022-09-27
West Virginia,11,11 to 50,2022-09-27
Wisconsin,75,51 to 100,2022-09-27
Wyoming,4,1 to 10,2022-09-27
Total,25341,,2022-09-27
Alabama,105,101 to 500,2022-09-21
Alaska,5,1 to 10,2022-09-21
Arizona,430,101 to 500,2022-09-21
Arkansas,56,51 to 100,2022-09-21
California,4753,>500,2022-09-21
Colorado,263,101 to 500,2022-09-21
Connecticut,123,101 to 500,2022-09-21
Delaware,35,11 to 50,2022-09-21
District of Columbia,488,101 to 500,2022-09-21
Florida,2422,>500,2022-09-21
Georgia,1717,>500,2022-09-21
Hawaii,27,11 to 50,2022-09-21
Idaho,12,11 to 50,2022-09-21
Illinois,1263,>500,2022-09-21
Indiana,218,101 to 500,2022-09-21
Iowa,24,11 to 50,2022-09-21
Kansas,9,1 to 10,2022-09-21
Kentucky,50,11 to 50,2022-09-21
Louisiana,234,101 to 500,2022-09-21
Maine,9,1 to 10,2022-09-21
Maryland,631,>500,2022-09-21
Massachusetts,374,101 to 500,2022-09-21
Michigan,257,101 to 500,2022-09-21
Minnesota,178,101 to 500,2022-09-21
Mississippi,70,51 to 100,2022-09-21
Missouri,84,51 to 100,2022-09-21
Montana,5,1 to 10,2022-09-21
Nebraska,28,11 to 50,2022-09-21
Nevada,217,101 to 500,2022-09-21
New Hampshire,28,11 to 50,2022-09-21
New Jersey,668,>500,2022-09-21
New Mexico,40,11 to 50,2022-09-21
New York,3810,>500,2022-09-21
Non-US Resident,3,1 to 10,2022-09-21
North Carolina,434,101 to 500,2022-09-21
North Dakota,5,1 to 10,2022-09-21
Ohio,257,101 to 500,2022-09-21
Oklahoma,36,11 to 50,2022-09-21
Oregon,203,101 to 500,2022-09-21
Pennsylvania,713,>500,2022-09-21
Puerto Rico,167,101 to 500,2022-09-21
Rhode Island,70,51 to 100,2022-09-21
South Carolina,149,101 to 500,2022-09-21
South Dakota,2,1 to 10,2022-09-21
Tennessee,264,101 to 500,2022-09-21
Texas,2179,>500,2022-09-21
Total,24364,,2022-09-21
Utah,149,101 to 500,2022-09-21
Vermont,3,1 to 10,2022-09-21
Virginia,440,101 to 500,2022-09-21
Washington,575,>500,2022-09-21
West Virginia,11,11 to 50,2022-09-21
Wisconsin,69,51 to 100,2022-09-21
Wyoming,2,1 to 10,2022-09-21
Alabama,105,101 to 500,2022-09-20
Alaska,5,1 to 10,2022-09-20
Arizona,426,101 to 500,2022-09-20
Arkansas,56,51 to 100,2022-09-20
California,4753,>500,2022-09-20
Colorado,253,101 to 500,2022-09-20
Connecticut,123,101 to 500,2022-09-20
Delaware,35,11 to 50,2022-09-20
District of Columbia,488,101 to 500,2022-09-20
Florida,2411,>500,2022-09-20
Georgia,1712,>500,2022-09-20
Hawaii,25,11 to 50,2022-09-20
Idaho,12,11 to 50,2022-09-20
Illinois,1257,>500,2022-09-20
Indiana,211,101 to 500,2022-09-20
Iowa,23,11 to 50,2022-09-20
Kansas,9,1 to 10,2022-09-20
Kentucky,48,11 to 50,2022-09-20
Louisiana,234,101 to 500,2022-09-20
Maine,9,1 to 10,2022-09-20
Maryland,625,>500,2022-09-20
Massachusetts,374,101 to 500,2022-09-20
Michigan,246,101 to 500,2022-09-20
Minnesota,173,101 to 500,2022-09-20
Mississippi,66,51 to 100,2022-09-20
Missouri,82,51 to 100,2022-09-20
Montana,5,1 to 10,2022-09-20
Nebraska,28,11 to 50,2022-09-20
Nevada,217,101 to 500,2022-09-20
New Hampshire,28,11 to 50,2022-09-20
New Jersey,661,>500,2022-09-20
New Mexico,40,11 to 50,2022-09-20
New York,3799,>500,2022-09-20
Non-US Resident,3,1 to 10,2022-09-20
North Carolina,434,101 to 500,2022-09-20
North Dakota,5,1 to 10,2022-09-20
Ohio,252,101 to 500,2022-09-20
Oklahoma,35,11 to 50,2022-09-20
Oregon,185,101 to 500,2022-09-20
Pennsylvania,708,>500,2022-09-20
Puerto Rico,163,101 to 500,2022-09-20
Rhode Island,70,51 to 100,2022-09-20
South Carolina,144,101 to 500,2022-09-20
South Dakota,2,1 to 10,2022-09-20
Tennessee,259,101 to 500,2022-09-20
Texas,2170,>500,2022-09-20
Total,24203,,2022-09-20
Utah,145,101 to 500,2022-09-20
Vermont,3,1 to 10,2022-09-20
Virginia,440,101 to 500,2022-09-20
Washington,564,>500,2022-09-20
West Virginia,11,11 to 50,2022-09-20
Wisconsin,69,51 to 100,2022-09-20
Wyoming,2,1 to 10,2022-09-20
Alabama,90,51 to 100,2022-09-19
Alaska,5,1 to 10,2022-09-19
Arizona,411,101 to 500,2022-09-19
Arkansas,54,51 to 100,2022-09-19
California,4656,>500,2022-09-19
Colorado,253,101 to 500,2022-09-19
Connecticut,124,101 to 500,2022-09-19
Delaware,35,11 to 50,2022-09-19
District of Columbia,484,101 to 500,2022-09-19
Florida,2398,>500,2022-09-19
Georgia,1702,>500,2022-09-19
Hawaii,25,11 to 50,2022-09-19
Idaho,12,11 to 50,2022-09-19
Illinois,1220,>500,2022-09-19
Indiana,209,101 to 500,2022-09-19
Iowa,22,11 to 50,2022-09-19
Kansas,9,1 to 10,2022-09-19
Kentucky,47,11 to 50,2022-09-19
Louisiana,234,101 to 500,2022-09-19
Maine,9,1 to 10,2022-09-19
Maryland,621,>500,2022-09-19
Massachusetts,374,101 to 500,2022-09-19
Michigan,246,101 to 500,2022-09-19
Minnesota,171,101 to 500,2022-09-19
Mississippi,65,51 to 100,2022-09-19
Missouri,81,51 to 100,2022-09-19
Montana,5,1 to 10,2022-09-19
Nebraska,28,11 to 50,2022-09-19
Nevada,217,101 to 500,2022-09-19
New Hampshire,28,11 to 50,2022-09-19
New Jersey,654,>500,2022-09-19
New Mexico,33,11 to 50,2022-09-19
New York,3755,>500,2022-09-19
Non-US Resident,3,1 to 10,2022-09-19
North Carolina,434,101 to 500,2022-09-19
North Dakota,5,1 to 10,2022-09-19
Ohio,248,101 to 500,2022-09-19
Oklahoma,35,11 to 50,2022-09-19
Oregon,185,101 to 500,2022-09-19
Pennsylvania,703,>500,2022-09-19
Puerto Rico,163,101 to 500,2022-09-19
Rhode Island,68,51 to 100,2022-09-19
South Carolina,142,101 to 500,2022-09-19
South Dakota,2,1 to 10,2022-09-19
Tennessee,257,101 to 500,2022-09-19
Texas,2150,>500,2022-09-19
Total,23893,,2022-09-19
Utah,140,101 to 500,2022-09-19
Vermont,3,1 to 10,2022-09-19
Virginia,440,101 to 500,2022-09-19
Washington,556,>500,2022-09-19
West Virginia,11,11 to 50,2022-09-19
Wisconsin,69,51 to 100,2022-09-19
Wyoming,2,1 to 10,2022-09-19
Alabama,90,51 to 100,2022-09-16
Alaska,3,1 to 10,2022-09-16
Arizona,411,101 to 500,2022-09-16
Arkansas,54,51 to 100,2022-09-16
California,4656,>500,2022-09-16
Colorado,253,101 to 500,2022-09-16
Connecticut,120,101 to 500,2022-09-16
Delaware,35,11 to 50,2022-09-16
District of Columbia,477,101 to 500,2022-09-16
Florida,2352,>500,2022-09-16
Georgia,1658,>500,2022-09-16
Hawaii,25,11 to 50,2022-09-16
Idaho,12,11 to 50,2022-09-16
Illinois,1212,>500,2022-09-16
Indiana,203,101 to 500,2022-09-16
Iowa,23,11 to 50,2022-09-16
Kansas,8,1 to 10,2022-09-16
Kentucky,45,11 to 50,2022-09-16
Louisiana,230,101 to 500,2022-09-16
Maine,9,1 to 10,2022-09-16
Maryland,609,>500,2022-09-16
Massachusetts,364,101 to 500,2022-09-16
Michigan,244,101 to 500,2022-09-16
Minnesota,167,101 to 500,2022-09-16
Mississippi,61,51 to 100,2022-09-16
Missouri,75,51 to 100,2022-09-16
Montana,5,1 to 10,2022-09-16
Nebraska,28,11 to 50,2022-09-16
Nevada,217,101 to 500,2022-09-16
New Hampshire,27,11 to 50,2022-09-16
New Jersey,647,>500,2022-09-16
New Mexico,33,11 to 50,2022-09-16
New York,3738,>500,2022-09-16
Non-US Resident,3,1 to 10,2022-09-16
North Carolina,434,101 to 500,2022-09-16
North Dakota,5,1 to 10,2022-09-16
Ohio,240,101 to 500,2022-09-16
Oklahoma,33,11 to 50,2022-09-16
Oregon,183,101 to 500,2022-09-16
Pennsylvania,691,>500,2022-09-16
Puerto Rico,160,101 to 500,2022-09-16
Rhode Island,63,51 to 100,2022-09-16
South Carolina,138,101 to 500,2022-09-16
South Dakota,2,1 to 10,2022-09-16
Tennessee,249,101 to 500,2022-09-16
Texas,2017,>500,2022-09-16
Total,23499,,2022-09-16
Utah,133,101 to 500,2022-09-16
Vermont,3,1 to 10,2022-09-16
Virginia,430,101 to 500,2022-09-16
Washington,547,>500,2022-09-16
West Virginia,11,11 to 50,2022-09-16
Wisconsin,64,51 to 100,2022-09-16
Wyoming,2,1 to 10,2022-09-16
Alabama,90,51 to 100,2022-09-15
Alaska,3,1 to 10,2022-09-15
Arizona,399,101 to 500,2022-09-15
Arkansas,53,51 to 100,2022-09-15
California,4453,>500,2022-09-15
Colorado,253,101 to 500,2022-09-15
Connecticut,118,101 to 500,2022-09-15
Delaware,35,11 to 50,2022-09-15
District of Columbia,477,101 to 500,2022-09-15
Florida,2301,>500,2022-09-15
Georgia,1641,>500,2022-09-15
Hawaii,25,11 to 50,2022-09-15
Idaho,12,11 to 50,2022-09-15
Illinois,1198,>500,2022-09-15
Indiana,201,101 to 500,2022-09-15
Iowa,22,11 to 50,2022-09-15
Kansas,8,1 to 10,2022-09-15
Kentucky,40,11 to 50,2022-09-15
Louisiana,226,101 to 500,2022-09-15
Maine,9,1 to 10,2022-09-15
Maryland,603,>500,2022-09-15
Massachusetts,364,101 to 500,2022-09-15
Michigan,244,101 to 500,2022-09-15
Minnesota,165,101 to 500,2022-09-15
Mississippi,58,51 to 100,2022-09-15
Missouri,71,51 to 100,2022-09-15
Montana,5,1 to 10,2022-09-15
Nebraska,28,11 to 50,2022-09-15
Nevada,217,101 to 500,2022-09-15
New Hampshire,27,11 to 50,2022-09-15
New Jersey,643,>500,2022-09-15
New Mexico,33,11 to 50,2022-09-15
New York,3719,>500,2022-09-15
Non-US Resident,3,1 to 10,2022-09-15
North Carolina,434,101 to 500,2022-09-15
North Dakota,5,1 to 10,2022-09-15
Ohio,237,101 to 500,2022-09-15
Oklahoma,33,11 to 50,2022-09-15
Oregon,183,101 to 500,2022-09-15
Pennsylvania,684,>500,2022-09-15
Puerto Rico,160,101 to 500,2022-09-15
Rhode Island,63,51 to 100,2022-09-15
South Carolina,137,101 to 500,2022-09-15
South Dakota,2,1 to 10,2022-09-15
Tennessee,246,101 to 500,2022-09-15
Texas,2017,>500,2022-09-15
Total,23117,,2022-09-15
Utah,133,101 to 500,2022-09-15
Vermont,3,1 to 10,2022-09-15
Virginia,422,101 to 500,2022-09-15
Washington,537,>500,2022-09-15
West Virginia,11,11 to 50,2022-09-15
Wisconsin,64,51 to 100,2022-09-15
Wyoming,2,1 to 10,2022-09-15
Alabama,90,51 to 100,2022-09-14
Alaska,3,1 to 10,2022-09-14
Arizona,399,101 to 500,2022-09-14
Arkansas,52,51 to 100,2022-09-14
California,4300,>500,2022-09-14
Colorado,235,101 to 500,2022-09-14
Connecticut,114,101 to 500,2022-09-14
Delaware,35,11 to 50,2022-09-14
District of Columbia,473,101 to 500,2022-09-14
Florida,2301,>500,2022-09-14
Georgia,1614,>500,2022-09-14
Hawaii,25,11 to 50,2022-09-14
Idaho,12,11 to 50,2022-09-14
Illinois,1187,>500,2022-09-14
Indiana,195,101 to 500,2022-09-14
Iowa,22,11 to 50,2022-09-14
Kansas,7,1 to 10,2022-09-14
Kentucky,39,11 to 50,2022-09-14
Louisiana,219,101 to 500,2022-09-14
Maine,7,1 to 10,2022-09-14
Maryland,598,>500,2022-09-14
Massachusetts,356,101 to 500,2022-09-14
Michigan,237,101 to 500,2022-09-14
Minnesota,163,101 to 500,2022-09-14
Mississippi,55,51 to 100,2022-09-14
Missouri,70,51 to 100,2022-09-14
Montana,5,1 to 10,2022-09-14
Nebraska,28,11 to 50,2022-09-14
Nevada,204,101 to 500,2022-09-14
New Hampshire,27,11 to 50,2022-09-14
New Jersey,633,>500,2022-09-14
New Mexico,33,11 to 50,2022-09-14
New York,3694,>500,2022-09-14
Non-US Resident,3,1 to 10,2022-09-14
North Carolina,435,101 to 500,2022-09-14
North Dakota,5,1 to 10,2022-09-14
Ohio,236,101 to 500,2022-09-14
Oklahoma,31,11 to 50,2022-09-14
Oregon,183,101 to 500,2022-09-14
Pennsylvania,678,>500,2022-09-14
Puerto Rico,155,101 to 500,2022-09-14
Rhode Island,61,51 to 100,2022-09-14
South Carolina,133,101 to 500,2022-09-14
South Dakota,2,1 to 10,2022-09-14
Tennessee,239,101 to 500,2022-09-14
Texas,2017,>500,2022-09-14
Total,22774,,2022-09-14
Utah,128,101 to 500,2022-09-14
Vermont,3,1 to 10,2022-09-14
Virginia,422,101 to 500,2022-09-14
Washington,535,>500,2022-09-14
West Virginia,10,1 to 10,2022-09-14
Wisconsin,64,51 to 100,2022-09-14
Wyoming,2,1 to 10,2022-09-14
Alabama,90,51 to 100,2022-09-13
Alaska,3,1 to 10,2022-09-13
Arizona,396,101 to 500,2022-09-13
Arkansas,51,51 to 100,2022-09-13
California,4300,>500,2022-09-13
Colorado,235,101 to 500,2022-09-13
Connecticut,113,101 to 500,2022-09-13
Delaware,34,11 to 50,2022-09-13
District of Columbia,467,101 to 500,2022-09-13
Florida,2282,>500,2022-09-13
Georgia,1607,>500,2022-09-13
Hawaii,25,11 to 50,2022-09-13
Idaho,12,11 to 50,2022-09-13
Illinois,1180,>500,2022-09-13
Indiana,193,101 to 500,2022-09-13
Iowa,22,11 to 50,2022-09-13
Kansas,7,1 to 10,2022-09-13
Kentucky,36,11 to 50,2022-09-13
Louisiana,218,101 to 500,2022-09-13
Maine,7,1 to 10,2022-09-13
Maryland,591,>500,2022-09-13
Massachusetts,356,101 to 500,2022-09-13
Michigan,231,101 to 500,2022-09-13
Minnesota,163,101 to 500,2022-09-13
Mississippi,52,51 to 100,2022-09-13
Missouri,69,51 to 100,2022-09-13
Montana,5,1 to 10,2022-09-13
Nebraska,28,11 to 50,2022-09-13
Nevada,204,101 to 500,2022-09-13
New Hampshire,25,11 to 50,2022-09-13
New Jersey,631,>500,2022-09-13
New Mexico,32,11 to 50,2022-09-13
New York,3679,>500,2022-09-13
Non-US Resident,3,1 to 10,2022-09-13
North Carolina,428,101 to 500,2022-09-13
North Dakota,5,1 to 10,2022-09-13
Ohio,235,101 to 500,2022-09-13
Oklahoma,29,11 to 50,2022-09-13
Oregon,183,101 to 500,2022-09-13
Pennsylvania,672,>500,2022-09-13
Puerto Rico,151,101 to 500,2022-09-13
Rhode Island,61,51 to 100,2022-09-13
South Carolina,132,101 to 500,2022-09-13
South Dakota,2,1 to 10,2022-09-13
Tennessee,232,101 to 500,2022-09-13
Texas,2017,>500,2022-09-13
Total,22630,,2022-09-13
Utah,128,101 to 500,2022-09-13
Vermont,3,1 to 10,2022-09-13
Virginia,409,101 to 500,2022-09-13
Washington,520,>500,2022-09-13
West Virginia,10,1 to 10,2022-09-13
Wisconsin,64,51 to 100,2022-09-13
Wyoming,2,1 to 10,2022-09-13
Alabama,90,51 to 100,2022-09-12
Alaska,3,1 to 10,2022-09-12
Arizona,374,101 to 500,2022-09-12
Arkansas,49,11 to 50,2022-09-12
California,4300,>500,2022-09-12
Colorado,235,101 to 500,2022-09-12
Connecticut,113,101 to 500,2022-09-12
Delaware,33,11 to 50,2022-09-12
District of Columbia,457,101 to 500,2022-09-12
Florida,2193,>500,2022-09-12
Georgia,1557,>500,2022-09-12
Hawaii,25,11 to 50,2022-09-12
Idaho,11,11 to 50,2022-09-12
Illinois,1141,>500,2022-09-12
Indiana,188,101 to 500,2022-09-12
Iowa,22,11 to 50,2022-09-12
Kansas,7,1 to 10,2022-09-12
Kentucky,36,11 to 50,2022-09-12
Louisiana,211,101 to 500,2022-09-12
Maine,7,1 to 10,2022-09-12
Maryland,571,>500,2022-09-12
Massachusetts,347,101 to 500,2022-09-12
Michigan,227,101 to 500,2022-09-12
Minnesota,160,101 to 500,2022-09-12
Mississippi,53,51 to 100,2022-09-12
Missouri,62,51 to 100,2022-09-12
Montana,5,1 to 10,2022-09-12
Nebraska,28,11 to 50,2022-09-12
Nevada,204,101 to 500,2022-09-12
New Hampshire,23,11 to 50,2022-09-12
New Jersey,610,>500,2022-09-12
New Mexico,32,11 to 50,2022-09-12
New York,3591,>500,2022-09-12
Non-US Resident,3,1 to 10,2022-09-12
North Carolina,387,101 to 500,2022-09-12
North Dakota,5,1 to 10,2022-09-12
Ohio,226,101 to 500,2022-09-12
Oklahoma,29,11 to 50,2022-09-12
Oregon,141,101 to 500,2022-09-12
Pennsylvania,649,>500,2022-09-12
Puerto Rico,151,101 to 500,2022-09-12
Rhode Island,61,51 to 100,2022-09-12
South Carolina,131,101 to 500,2022-09-12
South Dakota,2,1 to 10,2022-09-12
Tennessee,212,101 to 500,2022-09-12
Texas,1929,>500,2022-09-12
Total,21985,,2022-09-12
Utah,120,101 to 500,2022-09-12
Vermont,3,1 to 10,2022-09-12
Virginia,397,101 to 500,2022-09-12
Washington,506,>500,2022-09-12
West Virginia,10,1 to 10,2022-09-12
Wisconsin,56,51 to 100,2022-09-12
Wyoming,2,1 to 10,2022-09-12
Alabama,82,51 to 100,2022-09-09
Alaska,3,1 to 10,2022-09-09
Arizona,374,101 to 500,2022-09-09
Arkansas,46,11 to 50,2022-09-09
California,4300,>500,2022-09-09
Colorado,235,101 to 500,2022-09-09
Connecticut,107,101 to 500,2022-09-09
Delaware,29,11 to 50,2022-09-09
District of Columbia,457,101 to 500,2022-09-09
Florida,2193,>500,2022-09-09
Georgia,1557,>500,2022-09-09
Hawaii,25,11 to 50,2022-09-09
Idaho,11,11 to 50,2022-09-09
Illinois,1141,>500,2022-09-09
Indiana,183,101 to 500,2022-09-09
Iowa,20,11 to 50,2022-09-09
Kansas,7,1 to 10,2022-09-09
Kentucky,36,11 to 50,2022-09-09
Louisiana,211,101 to 500,2022-09-09
Maine,7,1 to 10,2022-09-09
Maryland,571,>500,2022-09-09
Massachusetts,347,101 to 500,2022-09-09
Michigan,227,101 to 500,2022-09-09
Minnesota,153,101 to 500,2022-09-09
Mississippi,48,11 to 50,2022-09-09
Missouri,61,51 to 100,2022-09-09
Montana,5,1 to 10,2022-09-09
Nebraska,28,11 to 50,2022-09-09
Nevada,204,101 to 500,2022-09-09
New Hampshire,23,11 to 50,2022-09-09
New Jersey,610,>500,2022-09-09
New Mexico,32,11 to 50,2022-09-09
New York,3591,>500,2022-09-09
Non-US Resident,3,1 to 10,2022-09-09
North Carolina,387,101 to 500,2022-09-09
North Dakota,5,1 to 10,2022-09-09
Ohio,226,101 to 500,2022-09-09
Oklahoma,27,11 to 50,2022-09-09
Oregon,141,101 to 500,2022-09-09
Pennsylvania,631,>500,2022-09-09
Puerto Rico,134,101 to 500,2022-09-09
Rhode Island,58,51 to 100,2022-09-09
South Carolina,129,101 to 500,2022-09-09
South Dakota,2,1 to 10,2022-09-09
Tennessee,212,101 to 500,2022-09-09
Texas,1929,>500,2022-09-09
Total,21894,,2022-09-09
Utah,120,101 to 500,2022-09-09
Vermont,3,1 to 10,2022-09-09
Virginia,389,101 to 500,2022-09-09
Washington,506,>500,2022-09-09
West Virginia,10,1 to 10,2022-09-09
Wisconsin,56,51 to 100,2022-09-09
Wyoming,2,1 to 10,2022-09-09
Alabama,82,51 to 100,2022-09-08
Alaska,3,1 to 10,2022-09-08
Arizona,370,101 to 500,2022-09-08
Arkansas,45,11 to 50,2022-09-08
California,4140,>500,2022-09-08
Colorado,235,101 to 500,2022-09-08
Connecticut,107,101 to 500,2022-09-08
Delaware,28,11 to 50,2022-09-08
District of Columbia,448,101 to 500,2022-09-08
Florida,2158,>500,2022-09-08
Georgia,1535,>500,2022-09-08
Hawaii,25,11 to 50,2022-09-08
Idaho,11,11 to 50,2022-09-08
Illinois,1134,>500,2022-09-08
Indiana,182,101 to 500,2022-09-08
Iowa,20,11 to 50,2022-09-08
Kansas,7,1 to 10,2022-09-08
Kentucky,34,11 to 50,2022-09-08
Louisiana,204,101 to 500,2022-09-08
Maine,7,1 to 10,2022-09-08
Maryland,570,>500,2022-09-08
Massachusetts,347,101 to 500,2022-09-08
Michigan,217,101 to 500,2022-09-08
Minnesota,149,101 to 500,2022-09-08
Mississippi,45,11 to 50,2022-09-08
Missouri,61,51 to 100,2022-09-08
Montana,5,1 to 10,2022-09-08
Nebraska,28,11 to 50,2022-09-08
Nevada,204,101 to 500,2022-09-08
New Hampshire,22,11 to 50,2022-09-08
New Jersey,595,>500,2022-09-08
New Mexico,27,11 to 50,2022-09-08
New York,3555,>500,2022-09-08
Non-US Resident,3,1 to 10,2022-09-08
North Carolina,387,101 to 500,2022-09-08
North Dakota,5,1 to 10,2022-09-08
Ohio,218,101 to 500,2022-09-08
Oklahoma,24,11 to 50,2022-09-08
Oregon,141,101 to 500,2022-09-08
Pennsylvania,624,>500,2022-09-08
Puerto Rico,131,101 to 500,2022-09-08
Rhode Island,56,51 to 100,2022-09-08
South Carolina,123,101 to 500,2022-09-08
South Dakota,2,1 to 10,2022-09-08
Tennessee,212,101 to 500,2022-09-08
Texas,1901,>500,2022-09-08
Total,21504,,2022-09-08
Utah,117,101 to 500,2022-09-08
Vermont,3,1 to 10,2022-09-08
Virginia,389,101 to 500,2022-09-08
Washington,502,>500,2022-09-08
West Virginia,8,1 to 10,2022-09-08
Wisconsin,56,51 to 100,2022-09-08
Wyoming,2,1 to 10,2022-09-08
Alabama,82,51 to 100,2022-09-07
Alaska,3,1 to 10,2022-09-07
Arizona,356,101 to 500,2022-09-07
Arkansas,43,11 to 50,2022-09-07
California,4140,>500,2022-09-07
Colorado,235,101 to 500,2022-09-07
Connecticut,104,101 to 500,2022-09-07
Delaware,28,11 to 50,2022-09-07
District of Columbia,436,101 to 500,2022-09-07
Florida,2148,>500,2022-09-07
Georgia,1522,>500,2022-09-07
Hawaii,25,11 to 50,2022-09-07
Idaho,11,11 to 50,2022-09-07
Illinois,1128,>500,2022-09-07
Indiana,182,101 to 500,2022-09-07
Iowa,20,11 to 50,2022-09-07
Kansas,7,1 to 10,2022-09-07
Kentucky,34,11 to 50,2022-09-07
Louisiana,198,101 to 500,2022-09-07
Maine,7,1 to 10,2022-09-07
Maryland,559,>500,2022-09-07
Massachusetts,336,101 to 500,2022-09-07
Michigan,202,101 to 500,2022-09-07
Minnesota,141,101 to 500,2022-09-07
Mississippi,44,11 to 50,2022-09-07
Missouri,61,51 to 100,2022-09-07
Montana,5,1 to 10,2022-09-07
Nebraska,28,11 to 50,2022-09-07
Nevada,204,101 to 500,2022-09-07
New Hampshire,22,11 to 50,2022-09-07
New Jersey,595,>500,2022-09-07
New Mexico,27,11 to 50,2022-09-07
New York,3542,>500,2022-09-07
Non-US Resident,3,1 to 10,2022-09-07
North Carolina,382,101 to 500,2022-09-07
North Dakota,5,1 to 10,2022-09-07
Ohio,213,101 to 500,2022-09-07
Oklahoma,24,11 to 50,2022-09-07
Oregon,141,101 to 500,2022-09-07
Pennsylvania,618,>500,2022-09-07
Puerto Rico,126,101 to 500,2022-09-07
Rhode Island,53,51 to 100,2022-09-07
South Carolina,120,101 to 500,2022-09-07
South Dakota,2,1 to 10,2022-09-07
Tennessee,213,101 to 500,2022-09-07
Texas,1871,>500,2022-09-07
Total,21274,,2022-09-07
Utah,111,101 to 500,2022-09-07
Vermont,3,1 to 10,2022-09-07
Virginia,364,101 to 500,2022-09-07
Washington,484,101 to 500,2022-09-07
West Virginia,8,1 to 10,2022-09-07
Wisconsin,56,51 to 100,2022-09-07
Wyoming,2,1 to 10,2022-09-07
Alabama,78,51 to 100,2022-09-06
Alaska,3,1 to 10,2022-09-06
Arizona,341,101 to 500,2022-09-06
Arkansas,40,11 to 50,2022-09-06
California,3833,>500,2022-09-06
Colorado,198,101 to 500,2022-09-06
Connecticut,102,101 to 500,2022-09-06
Delaware,26,11 to 50,2022-09-06
District of Columbia,436,101 to 500,2022-09-06
Florida,2126,>500,2022-09-06
Georgia,1512,>500,2022-09-06
Hawaii,22,11 to 50,2022-09-06
Idaho,11,11 to 50,2022-09-06
Illinois,1128,>500,2022-09-06
Indiana,178,101 to 500,2022-09-06
Iowa,19,11 to 50,2022-09-06
Kansas,7,1 to 10,2022-09-06
Kentucky,34,11 to 50,2022-09-06
Louisiana,198,101 to 500,2022-09-06
Maine,7,1 to 10,2022-09-06
Maryland,554,>500,2022-09-06
Massachusetts,336,101 to 500,2022-09-06
Michigan,200,101 to 500,2022-09-06
Minnesota,141,101 to 500,2022-09-06
Mississippi,41,11 to 50,2022-09-06
Missouri,59,51 to 100,2022-09-06
Montana,5,1 to 10,2022-09-06
Nebraska,28,11 to 50,2022-09-06
Nevada,154,101 to 500,2022-09-06
New Hampshire,22,11 to 50,2022-09-06
New Jersey,594,>500,2022-09-06
New Mexico,27,11 to 50,2022-09-06
New York,3526,>500,2022-09-06
Non-US Resident,3,1 to 10,2022-09-06
North Carolina,377,101 to 500,2022-09-06
North Dakota,5,1 to 10,2022-09-06
Ohio,210,101 to 500,2022-09-06
Oklahoma,24,11 to 50,2022-09-06
Oregon,141,101 to 500,2022-09-06
Pennsylvania,603,>500,2022-09-06
Puerto Rico,126,101 to 500,2022-09-06
Rhode Island,53,51 to 100,2022-09-06
South Carolina,119,101 to 500,2022-09-06
South Dakota,2,1 to 10,2022-09-06
Tennessee,208,101 to 500,2022-09-06
Texas,1859,>500,2022-09-06
Total,20733,,2022-09-06
Utah,110,101 to 500,2022-09-06
Vermont,3,1 to 10,2022-09-06
Virginia,364,101 to 500,2022-09-06
Washington,474,101 to 500,2022-09-06
West Virginia,8,1 to 10,2022-09-06
Wisconsin,56,51 to 100,2022-09-06
Wyoming,2,1 to 10,2022-09-06
Alabama,78,51 to 100,2022-09-02
Alaska,3,1 to 10,2022-09-02
Arizona,333,101 to 500,2022-09-02
Arkansas,38,11 to 50,2022-09-02
California,3833,>500,2022-09-02
Colorado,198,101 to 500,2022-09-02
Connecticut,94,51 to 100,2022-09-02
Delaware,25,11 to 50,2022-09-02
District of Columbia,432,101 to 500,2022-09-02
Florida,1991,>500,2022-09-02
Georgia,1445,>500,2022-09-02
Hawaii,18,11 to 50,2022-09-02
Idaho,11,11 to 50,2022-09-02
Illinois,1087,>500,2022-09-02
Indiana,172,101 to 500,2022-09-02
Iowa,18,11 to 50,2022-09-02
Kansas,6,1 to 10,2022-09-02
Kentucky,33,11 to 50,2022-09-02
Louisiana,185,101 to 500,2022-09-02
Maine,7,1 to 10,2022-09-02
Maryland,534,>500,2022-09-02
Massachusetts,317,101 to 500,2022-09-02
Michigan,199,101 to 500,2022-09-02
Minnesota,130,101 to 500,2022-09-02
Mississippi,40,11 to 50,2022-09-02
Missouri,55,51 to 100,2022-09-02
Montana,5,1 to 10,2022-09-02
Nebraska,27,11 to 50,2022-09-02
Nevada,154,101 to 500,2022-09-02
New Hampshire,22,11 to 50,2022-09-02
New Jersey,561,>500,2022-09-02
New Mexico,26,11 to 50,2022-09-02
New York,3403,>500,2022-09-02
Non-US Resident,3,1 to 10,2022-09-02
North Carolina,346,101 to 500,2022-09-02
North Dakota,5,1 to 10,2022-09-02
Ohio,190,101 to 500,2022-09-02
Oklahoma,24,11 to 50,2022-09-02
Oregon,141,101 to 500,2022-09-02
Pennsylvania,572,>500,2022-09-02
Puerto Rico,111,101 to 500,2022-09-02
Rhode Island,52,51 to 100,2022-09-02
South Carolina,115,101 to 500,2022-09-02
South Dakota,2,1 to 10,2022-09-02
Tennessee,192,101 to 500,2022-09-02
Texas,1730,>500,2022-09-02
Total,19962,,2022-09-02
Utah,103,101 to 500,2022-09-02
Vermont,3,1 to 10,2022-09-02
Virginia,353,101 to 500,2022-09-02
Washington,474,101 to 500,2022-09-02
West Virginia,8,1 to 10,2022-09-02
Wisconsin,56,51 to 100,2022-09-02
Wyoming,2,1 to 10,2022-09-02
Alabama,69,51 to 100,2022-09-01
Alaska,3,1 to 10,2022-09-01
Arizona,326,101 to 500,2022-09-01
Arkansas,36,11 to 50,2022-09-01
California,3629,>500,2022-09-01
Colorado,198,101 to 500,2022-09-01
Connecticut,93,51 to 100,2022-09-01
Delaware,25,11 to 50,2022-09-01
District of Columbia,432,101 to 500,2022-09-01
Florida,1957,>500,2022-09-01
Georgia,1418,>500,2022-09-01
Hawaii,18,11 to 50,2022-09-01
Idaho,11,11 to 50,2022-09-01
Illinois,1081,>500,2022-09-01
Indiana,169,101 to 500,2022-09-01
Iowa,18,11 to 50,2022-09-01
Kansas,5,1 to 10,2022-09-01
Kentucky,32,11 to 50,2022-09-01
Louisiana,185,101 to 500,2022-09-01
Maine,5,1 to 10,2022-09-01
Maryland,519,>500,2022-09-01
Massachusetts,317,101 to 500,2022-09-01
Michigan,190,101 to 500,2022-09-01
Minnesota,128,101 to 500,2022-09-01
Mississippi,36,11 to 50,2022-09-01
Missouri,53,51 to 100,2022-09-01
Montana,5,1 to 10,2022-09-01
Nebraska,27,11 to 50,2022-09-01
Nevada,149,101 to 500,2022-09-01
New Hampshire,22,11 to 50,2022-09-01
New Jersey,538,>500,2022-09-01
New Mexico,26,11 to 50,2022-09-01
New York,3367,>500,2022-09-01
Non-US Resident,3,1 to 10,2022-09-01
North Carolina,322,101 to 500,2022-09-01
North Dakota,5,1 to 10,2022-09-01
Ohio,185,101 to 500,2022-09-01
Oklahoma,24,11 to 50,2022-09-01
Oregon,141,101 to 500,2022-09-01
Pennsylvania,561,>500,2022-09-01
Puerto Rico,111,101 to 500,2022-09-01
Rhode Island,48,11 to 50,2022-09-01
South Carolina,114,101 to 500,2022-09-01
South Dakota,2,1 to 10,2022-09-01
Tennessee,189,101 to 500,2022-09-01
Texas,1698,>500,2022-09-01
Total,19465,,2022-09-01
Utah,103,101 to 500,2022-09-01
Vermont,3,1 to 10,2022-09-01
Virginia,339,101 to 500,2022-09-01
Washington,467,101 to 500,2022-09-01
West Virginia,5,1 to 10,2022-09-01
Wisconsin,56,51 to 100,2022-09-01
Wyoming,2,1 to 10,2022-09-01
Alabama,69,51 to 100,2022-08-31
Alaska,3,1 to 10,2022-08-31
Arizona,317,101 to 500,2022-08-31
Arkansas,32,11 to 50,2022-08-31
California,3629,>500,2022-08-31
Colorado,198,101 to 500,2022-08-31
Connecticut,91,51 to 100,2022-08-31
Delaware,22,11 to 50,2022-08-31
District of Columbia,432,101 to 500,2022-08-31
Florida,1922,>500,2022-08-31
Georgia,1403,>500,2022-08-31
Hawaii,18,11 to 50,2022-08-31
Idaho,11,11 to 50,2022-08-31
Illinois,1069,>500,2022-08-31
Indiana,153,101 to 500,2022-08-31
Iowa,18,11 to 50,2022-08-31
Kansas,5,1 to 10,2022-08-31
Kentucky,31,11 to 50,2022-08-31
Louisiana,183,101 to 500,2022-08-31
Maine,5,1 to 10,2022-08-31
Maryland,484,101 to 500,2022-08-31
Massachusetts,303,101 to 500,2022-08-31
Michigan,186,101 to 500,2022-08-31
Minnesota,123,101 to 500,2022-08-31
Mississippi,32,11 to 50,2022-08-31
Missouri,53,51 to 100,2022-08-31
Montana,5,1 to 10,2022-08-31
Nebraska,27,11 to 50,2022-08-31
Nevada,141,101 to 500,2022-08-31
New Hampshire,20,11 to 50,2022-08-31
New Jersey,512,>500,2022-08-31
New Mexico,26,11 to 50,2022-08-31
New York,3310,>500,2022-08-31
Non-US Resident,3,1 to 10,2022-08-31
North Carolina,318,101 to 500,2022-08-31
North Dakota,5,1 to 10,2022-08-31
Ohio,172,101 to 500,2022-08-31
Oklahoma,22,11 to 50,2022-08-31
Oregon,141,101 to 500,2022-08-31
Pennsylvania,544,>500,2022-08-31
Puerto Rico,111,101 to 500,2022-08-31
Rhode Island,43,11 to 50,2022-08-31
South Carolina,113,101 to 500,2022-08-31
South Dakota,2,1 to 10,2022-08-31
Tennessee,181,101 to 500,2022-08-31
Texas,1664,>500,2022-08-31
Total,18989,,2022-08-31
Utah,100,51 to 100,2022-08-31
Vermont,3,1 to 10,2022-08-31
Virginia,339,101 to 500,2022-08-31
Washington,332,101 to 500,2022-08-31
West Virginia,5,1 to 10,2022-08-31
Wisconsin,56,51 to 100,2022-08-31
Wyoming,2,1 to 10,2022-08-31
Alabama,60,51 to 100,2022-08-30
Alaska,3,1 to 10,2022-08-30
Arizona,314,101 to 500,2022-08-30
Arkansas,32,11 to 50,2022-08-30
California,3291,>500,2022-08-30
Colorado,189,101 to 500,2022-08-30
Connecticut,90,51 to 100,2022-08-30
Delaware,21,11 to 50,2022-08-30
District of Columbia,432,101 to 500,2022-08-30
Florida,1870,>500,2022-08-30
Georgia,1387,>500,2022-08-30
Hawaii,18,11 to 50,2022-08-30
Idaho,9,1 to 10,2022-08-30
Illinois,1058,>500,2022-08-30
Indiana,162,101 to 500,2022-08-30
Iowa,18,11 to 50,2022-08-30
Kansas,5,1 to 10,2022-08-30
Kentucky,30,11 to 50,2022-08-30
Louisiana,183,101 to 500,2022-08-30
Maine,5,1 to 10,2022-08-30
Maryland,484,101 to 500,2022-08-30
Massachusetts,303,101 to 500,2022-08-30
Michigan,165,101 to 500,2022-08-30
Minnesota,124,101 to 500,2022-08-30
Mississippi,32,11 to 50,2022-08-30
Missouri,50,11 to 50,2022-08-30
Montana,4,1 to 10,2022-08-30
Nebraska,26,11 to 50,2022-08-30
Nevada,139,101 to 500,2022-08-30
New Hampshire,19,11 to 50,2022-08-30
New Jersey,512,>500,2022-08-30
New Mexico,25,11 to 50,2022-08-30
New York,3273,>500,2022-08-30
Non-US Resident,3,1 to 10,2022-08-30
North Carolina,308,101 to 500,2022-08-30
North Dakota,5,1 to 10,2022-08-30
Ohio,167,101 to 500,2022-08-30
Oklahoma,22,11 to 50,2022-08-30
Oregon,141,101 to 500,2022-08-30
Pennsylvania,531,>500,2022-08-30
Puerto Rico,110,101 to 500,2022-08-30
Rhode Island,42,11 to 50,2022-08-30
South Carolina,113,101 to 500,2022-08-30
South Dakota,2,1 to 10,2022-08-30
Tennessee,176,101 to 500,2022-08-30
Texas,1642,>500,2022-08-30
Total,18417,,2022-08-30
Utah,99,51 to 100,2022-08-30
Vermont,3,1 to 10,2022-08-30
Virginia,325,101 to 500,2022-08-30
Washington,332,101 to 500,2022-08-30
West Virginia,5,1 to 10,2022-08-30
Wisconsin,56,51 to 100,2022-08-30
Wyoming,2,1 to 10,2022-08-30
Alabama,59,51 to 100,2022-08-29
Alaska,3,1 to 10,2022-08-29
Arizona,281,101 to 500,2022-08-29
Arkansas,32,11 to 50,2022-08-29
California,3291,>500,2022-08-29
Colorado,189,101 to 500,2022-08-29
Connecticut,90,51 to 100,2022-08-29
Delaware,21,11 to 50,2022-08-29
District of Columbia,414,101 to 500,2022-08-29
Florida,1870,>500,2022-08-29
Georgia,1372,>500,2022-08-29
Hawaii,18,11 to 50,2022-08-29
Idaho,9,1 to 10,2022-08-29
Illinois,1049,>500,2022-08-29
Indiana,162,101 to 500,2022-08-29
Iowa,18,11 to 50,2022-08-29
Kansas,5,1 to 10,2022-08-29
Kentucky,30,11 to 50,2022-08-29
Louisiana,176,101 to 500,2022-08-29
Maine,5,1 to 10,2022-08-29
Maryland,484,101 to 500,2022-08-29
Massachusetts,280,101 to 500,2022-08-29
Michigan,165,101 to 500,2022-08-29
Minnesota,116,101 to 500,2022-08-29
Mississippi,30,11 to 50,2022-08-29
Missouri,47,11 to 50,2022-08-29
Montana,3,1 to 10,2022-08-29
Nebraska,26,11 to 50,2022-08-29
Nevada,132,101 to 500,2022-08-29
New Hampshire,19,11 to 50,2022-08-29
New Jersey,504,>500,2022-08-29
New Mexico,25,11 to 50,2022-08-29
New York,3197,>500,2022-08-29
Non-US Resident,3,1 to 10,2022-08-29
North Carolina,308,101 to 500,2022-08-29
North Dakota,4,1 to 10,2022-08-29
Ohio,157,101 to 500,2022-08-29
Oklahoma,22,11 to 50,2022-08-29
Oregon,141,101 to 500,2022-08-29
Pennsylvania,516,>500,2022-08-29
Puerto Rico,107,101 to 500,2022-08-29
Rhode Island,42,11 to 50,2022-08-29
South Carolina,109,101 to 500,2022-08-29
South Dakota,2,1 to 10,2022-08-29
Tennessee,165,101 to 500,2022-08-29
Texas,1604,>500,2022-08-29
Total,18101,,2022-08-29
Utah,99,51 to 100,2022-08-29
Vermont,3,1 to 10,2022-08-29
Virginia,302,101 to 500,2022-08-29
Washington,332,101 to 500,2022-08-29
West Virginia,5,1 to 10,2022-08-29
Wisconsin,56,51 to 100,2022-08-29
Wyoming,2,1 to 10,2022-08-29
Alabama,53,51 to 100,2022-08-26
Alaska,3,1 to 10,2022-08-26
Arizona,281,101 to 500,2022-08-26
Arkansas,28,11 to 50,2022-08-26
California,3291,>500,2022-08-26
Colorado,189,101 to 500,2022-08-26
Connecticut,89,51 to 100,2022-08-26
Delaware,21,11 to 50,2022-08-26
District of Columbia,414,101 to 500,2022-08-26
Florida,1739,>500,2022-08-26
Georgia,1299,>500,2022-08-26
Hawaii,15,11 to 50,2022-08-26
Idaho,9,1 to 10,2022-08-26
Illinois,1005,>500,2022-08-26
Indiana,147,101 to 500,2022-08-26
Iowa,18,11 to 50,2022-08-26
Kansas,5,1 to 10,2022-08-26
Kentucky,27,11 to 50,2022-08-26
Louisiana,162,101 to 500,2022-08-26
Maine,5,1 to 10,2022-08-26
Maryland,461,101 to 500,2022-08-26
Massachusetts,280,101 to 500,2022-08-26
Michigan,165,101 to 500,2022-08-26
Minnesota,109,101 to 500,2022-08-26
Mississippi,29,11 to 50,2022-08-26
Missouri,42,11 to 50,2022-08-26
Montana,3,1 to 10,2022-08-26
Nebraska,25,11 to 50,2022-08-26
Nevada,127,101 to 500,2022-08-26
New Hampshire,19,11 to 50,2022-08-26
New Jersey,479,101 to 500,2022-08-26
New Mexico,23,11 to 50,2022-08-26
New York,3124,>500,2022-08-26
Non-US Resident,3,1 to 10,2022-08-26
North Carolina,288,101 to 500,2022-08-26
North Dakota,4,1 to 10,2022-08-26
Ohio,151,101 to 500,2022-08-26
Oklahoma,22,11 to 50,2022-08-26
Oregon,141,101 to 500,2022-08-26
Pennsylvania,477,101 to 500,2022-08-26
Puerto Rico,97,51 to 100,2022-08-26
Rhode Island,42,11 to 50,2022-08-26
South Carolina,100,51 to 100,2022-08-26
South Dakota,2,1 to 10,2022-08-26
Tennessee,156,101 to 500,2022-08-26
Texas,1472,>500,2022-08-26
Total,17432,,2022-08-26
Utah,93,51 to 100,2022-08-26
Vermont,2,1 to 10,2022-08-26
Virginia,302,101 to 500,2022-08-26
Washington,332,101 to 500,2022-08-26
West Virginia,5,1 to 10,2022-08-26
Wisconsin,56,51 to 100,2022-08-26
Wyoming,1,1 to 10,2022-08-26
Alabama,53,51 to 100,2022-08-25
Alaska,3,1 to 10,2022-08-25
Arizona,271,101 to 500,2022-08-25
Arkansas,24,11 to 50,2022-08-25
California,3068,>500,2022-08-25
Colorado,189,101 to 500,2022-08-25
Connecticut,87,51 to 100,2022-08-25
Delaware,20,11 to 50,2022-08-25
District of Columbia,414,101 to 500,2022-08-25
Florida,1713,>500,2022-08-25
Georgia,1240,>500,2022-08-25
Hawaii,15,11 to 50,2022-08-25
Idaho,9,1 to 10,2022-08-25
Illinois,999,>500,2022-08-25
Indiana,141,101 to 500,2022-08-25
Iowa,16,11 to 50,2022-08-25
Kansas,5,1 to 10,2022-08-25
Kentucky,26,11 to 50,2022-08-25
Louisiana,157,101 to 500,2022-08-25
Maine,5,1 to 10,2022-08-25
Maryland,453,101 to 500,2022-08-25
Massachusetts,280,101 to 500,2022-08-25
Michigan,157,101 to 500,2022-08-25
Minnesota,106,101 to 500,2022-08-25
Mississippi,25,11 to 50,2022-08-25
Missouri,41,11 to 50,2022-08-25
Montana,2,1 to 10,2022-08-25
Nebraska,23,11 to 50,2022-08-25
Nevada,126,101 to 500,2022-08-25
New Hampshire,18,11 to 50,2022-08-25
New Jersey,471,101 to 500,2022-08-25
New Mexico,23,11 to 50,2022-08-25
New York,3117,>500,2022-08-25
Non-US Resident,3,1 to 10,2022-08-25
North Carolina,265,101 to 500,2022-08-25
North Dakota,4,1 to 10,2022-08-25
Ohio,148,101 to 500,2022-08-25
Oklahoma,22,11 to 50,2022-08-25
Oregon,141,101 to 500,2022-08-25
Pennsylvania,465,101 to 500,2022-08-25
Puerto Rico,90,51 to 100,2022-08-25
Rhode Island,41,11 to 50,2022-08-25
South Carolina,95,51 to 100,2022-08-25
South Dakota,2,1 to 10,2022-08-25
Tennessee,152,101 to 500,2022-08-25
Texas,1432,>500,2022-08-25
Total,16926,,2022-08-25
Utah,90,51 to 100,2022-08-25
Vermont,2,1 to 10,2022-08-25
Virginia,284,101 to 500,2022-08-25
Washington,332,101 to 500,2022-08-25
West Virginia,4,1 to 10,2022-08-25
Wisconsin,56,51 to 100,2022-08-25
Wyoming,1,1 to 10,2022-08-25
Alabama,53,51 to 100,2022-08-24
Alaska,3,1 to 10,2022-08-24
Arizona,269,101 to 500,2022-08-24
Arkansas,24,11 to 50,2022-08-24
California,3068,>500,2022-08-24
Colorado,189,101 to 500,2022-08-24
Connecticut,86,51 to 100,2022-08-24
Delaware,19,11 to 50,2022-08-24
District of Columbia,402,101 to 500,2022-08-24
Florida,1669,>500,2022-08-24
Georgia,1240,>500,2022-08-24
Hawaii,15,11 to 50,2022-08-24
Idaho,9,1 to 10,2022-08-24
Illinois,983,>500,2022-08-24
Indiana,137,101 to 500,2022-08-24
Iowa,16,11 to 50,2022-08-24
Kansas,4,1 to 10,2022-08-24
Kentucky,24,11 to 50,2022-08-24
Louisiana,155,101 to 500,2022-08-24
Maine,5,1 to 10,2022-08-24
Maryland,447,101 to 500,2022-08-24
Massachusetts,265,101 to 500,2022-08-24
Michigan,145,101 to 500,2022-08-24
Minnesota,106,101 to 500,2022-08-24
Mississippi,23,11 to 50,2022-08-24
Missouri,39,11 to 50,2022-08-24
Montana,2,1 to 10,2022-08-24
Nebraska,23,11 to 50,2022-08-24
Nevada,124,101 to 500,2022-08-24
New Hampshire,17,11 to 50,2022-08-24
New Jersey,450,101 to 500,2022-08-24
New Mexico,21,11 to 50,2022-08-24
New York,3038,>500,2022-08-24
Non-US Resident,3,1 to 10,2022-08-24
North Carolina,265,101 to 500,2022-08-24
North Dakota,4,1 to 10,2022-08-24
Ohio,144,101 to 500,2022-08-24
Oklahoma,22,11 to 50,2022-08-24
Oregon,141,101 to 500,2022-08-24
Pennsylvania,451,101 to 500,2022-08-24
Puerto Rico,90,51 to 100,2022-08-24
Rhode Island,40,11 to 50,2022-08-24
South Carolina,94,51 to 100,2022-08-24
South Dakota,2,1 to 10,2022-08-24
Tennessee,139,101 to 500,2022-08-24
Texas,1374,>500,2022-08-24
Total,16603,,2022-08-24
Utah,89,51 to 100,2022-08-24
Vermont,2,1 to 10,2022-08-24
Virginia,284,101 to 500,2022-08-24
Washington,328,101 to 500,2022-08-24
West Virginia,4,1 to 10,2022-08-24
Wisconsin,56,51 to 100,2022-08-24
Wyoming,1,1 to 10,2022-08-24
Alabama,53,51 to 100,2022-08-23
Alaska,3,1 to 10,2022-08-23
Arizona,270,101 to 500,2022-08-23
Arkansas,23,11 to 50,2022-08-23
California,2663,>500,2022-08-23
Colorado,155,101 to 500,2022-08-23
Connecticut,83,51 to 100,2022-08-23
Delaware,19,11 to 50,2022-08-23
District of Columbia,402,101 to 500,2022-08-23
Florida,1638,>500,2022-08-23
Georgia,1220,>500,2022-08-23
Hawaii,15,11 to 50,2022-08-23
Idaho,9,1 to 10,2022-08-23
Illinois,970,>500,2022-08-23
Indiana,134,101 to 500,2022-08-23
Iowa,16,11 to 50,2022-08-23
Kansas,4,1 to 10,2022-08-23
Kentucky,23,11 to 50,2022-08-23
Louisiana,151,101 to 500,2022-08-23
Maine,5,1 to 10,2022-08-23
Maryland,431,101 to 500,2022-08-23
Massachusetts,265,101 to 500,2022-08-23
Michigan,143,101 to 500,2022-08-23
Minnesota,103,101 to 500,2022-08-23
Mississippi,21,11 to 50,2022-08-23
Missouri,38,11 to 50,2022-08-23
Montana,2,1 to 10,2022-08-23
Nebraska,23,11 to 50,2022-08-23
Nevada,124,101 to 500,2022-08-23
New Hampshire,16,11 to 50,2022-08-23
New Jersey,420,101 to 500,2022-08-23
New Mexico,19,11 to 50,2022-08-23
New York,3019,>500,2022-08-23
Non-US Resident,3,1 to 10,2022-08-23
North Carolina,261,101 to 500,2022-08-23
North Dakota,4,1 to 10,2022-08-23
Ohio,139,101 to 500,2022-08-23
Oklahoma,20,11 to 50,2022-08-23
Oregon,141,101 to 500,2022-08-23
Pennsylvania,443,101 to 500,2022-08-23
Puerto Rico,77,51 to 100,2022-08-23
Rhode Island,40,11 to 50,2022-08-23
South Carolina,90,51 to 100,2022-08-23
South Dakota,2,1 to 10,2022-08-23
Tennessee,139,101 to 500,2022-08-23
Texas,1340,>500,2022-08-23
Total,15909,,2022-08-23
Utah,89,51 to 100,2022-08-23
Vermont,2,1 to 10,2022-08-23
Virginia,263,101 to 500,2022-08-23
Washington,328,101 to 500,2022-08-23
West Virginia,4,1 to 10,2022-08-23
Wisconsin,43,11 to 50,2022-08-23
Wyoming,1,1 to 10,2022-08-23
Alabama,47,11 to 50,2022-08-22
Alaska,3,1 to 10,2022-08-22
Arizona,258,101 to 500,2022-08-22
Arkansas,21,11 to 50,2022-08-22
California,2663,>500,2022-08-22
Colorado,155,101 to 500,2022-08-22
Connecticut,82,51 to 100,2022-08-22
Delaware,17,11 to 50,2022-08-22
District of Columbia,372,101 to 500,2022-08-22
Florida,1588,>500,2022-08-22
Georgia,1190,>500,2022-08-22
Hawaii,13,11 to 50,2022-08-22
Idaho,9,1 to 10,2022-08-22
Illinois,951,>500,2022-08-22
Indiana,107,101 to 500,2022-08-22
Iowa,15,11 to 50,2022-08-22
Kansas,3,1 to 10,2022-08-22
Kentucky,22,11 to 50,2022-08-22
Louisiana,146,101 to 500,2022-08-22
Maine,5,1 to 10,2022-08-22
Maryland,379,101 to 500,2022-08-22
Massachusetts,265,101 to 500,2022-08-22
Michigan,138,101 to 500,2022-08-22
Minnesota,101,101 to 500,2022-08-22
Mississippi,19,11 to 50,2022-08-22
Missouri,34,11 to 50,2022-08-22
Montana,2,1 to 10,2022-08-22
Nebraska,21,11 to 50,2022-08-22
Nevada,118,101 to 500,2022-08-22
New Hampshire,16,11 to 50,2022-08-22
New Jersey,420,101 to 500,2022-08-22
New Mexico,19,11 to 50,2022-08-22
New York,2910,>500,2022-08-22
Non-US Resident,3,1 to 10,2022-08-22
North Carolina,250,101 to 500,2022-08-22
North Dakota,4,1 to 10,2022-08-22
Ohio,133,101 to 500,2022-08-22
Oklahoma,18,11 to 50,2022-08-22
Oregon,141,101 to 500,2022-08-22
Pennsylvania,422,101 to 500,2022-08-22
Puerto Rico,77,51 to 100,2022-08-22
Rhode Island,38,11 to 50,2022-08-22
South Carolina,86,51 to 100,2022-08-22
South Dakota,2,1 to 10,2022-08-22
Tennessee,137,101 to 500,2022-08-22
Texas,1283,>500,2022-08-22
Total,15433,,2022-08-22
Utah,89,51 to 100,2022-08-22
Vermont,2,1 to 10,2022-08-22
Virginia,263,101 to 500,2022-08-22
Washington,328,101 to 500,2022-08-22
West Virginia,4,1 to 10,2022-08-22
Wisconsin,43,11 to 50,2022-08-22
Wyoming,1,1 to 10,2022-08-22
Alabama,34,11 to 50,2022-08-18
Alaska,2,1 to 10,2022-08-18
Arizona,220,101 to 500,2022-08-18
Arkansas,21,11 to 50,2022-08-18
California,2663,>500,2022-08-18
Colorado,155,101 to 500,2022-08-18
Connecticut,73,51 to 100,2022-08-18
Delaware,10,1 to 10,2022-08-18
District of Columbia,351,101 to 500,2022-08-18
Florida,1372,>500,2022-08-18
Georgia,1066,>500,2022-08-18
Hawaii,13,11 to 50,2022-08-18
Idaho,9,1 to 10,2022-08-18
Illinois,888,>500,2022-08-18
Indiana,102,101 to 500,2022-08-18
Iowa,15,11 to 50,2022-08-18
Kansas,3,1 to 10,2022-08-18
Kentucky,18,11 to 50,2022-08-18
Louisiana,127,101 to 500,2022-08-18
Maine,3,1 to 10,2022-08-18
Maryland,349,101 to 500,2022-08-18
Massachusetts,243,101 to 500,2022-08-18
Michigan,108,101 to 500,2022-08-18
Minnesota,87,51 to 100,2022-08-18
Mississippi,18,11 to 50,2022-08-18
Missouri,25,11 to 50,2022-08-18
Montana,2,1 to 10,2022-08-18
Nebraska,18,11 to 50,2022-08-18
Nevada,113,101 to 500,2022-08-18
New Hampshire,16,11 to 50,2022-08-18
New Jersey,377,101 to 500,2022-08-18
New Mexico,16,11 to 50,2022-08-18
New York,2744,>500,2022-08-18
Non-US Resident,3,1 to 10,2022-08-18
North Carolina,188,101 to 500,2022-08-18
North Dakota,3,1 to 10,2022-08-18
Ohio,123,101 to 500,2022-08-18
Oklahoma,17,11 to 50,2022-08-18
Oregon,116,101 to 500,2022-08-18
Pennsylvania,371,101 to 500,2022-08-18
Puerto Rico,66,51 to 100,2022-08-18
Rhode Island,37,11 to 50,2022-08-18
South Carolina,72,51 to 100,2022-08-18
South Dakota,2,1 to 10,2022-08-18
Tennessee,107,101 to 500,2022-08-18
Texas,1079,>500,2022-08-18
Total,14115,,2022-08-18
Utah,77,51 to 100,2022-08-18
Vermont,2,1 to 10,2022-08-18
Virginia,229,101 to 500,2022-08-18
Washington,314,101 to 500,2022-08-18
West Virginia,5,1 to 10,2022-08-18
Wisconsin,43,11 to 50,2022-08-18
Wyoming,0,0,2022-08-18
Alabama,34,11 to 50,2022-08-17
Alaska,2,1 to 10,2022-08-17
Arizona,213,101 to 500,2022-08-17
Arkansas,21,11 to 50,2022-08-17
California,2356,>500,2022-08-17
Colorado,155,101 to 500,2022-08-17
Connecticut,71,51 to 100,2022-08-17
Delaware,10,1 to 10,2022-08-17
District of Columbia,351,101 to 500,2022-08-17
Florida,1346,>500,2022-08-17
Georgia,1033,>500,2022-08-17
Hawaii,13,11 to 50,2022-08-17
Idaho,9,1 to 10,2022-08-17
Illinois,875,>500,2022-08-17
Indiana,101,101 to 500,2022-08-17
Iowa,15,11 to 50,2022-08-17
Kansas,3,1 to 10,2022-08-17
Kentucky,17,11 to 50,2022-08-17
Louisiana,120,101 to 500,2022-08-17
Maine,3,1 to 10,2022-08-17
Maryland,349,101 to 500,2022-08-17
Massachusetts,228,101 to 500,2022-08-17
Michigan,99,51 to 100,2022-08-17
Minnesota,78,51 to 100,2022-08-17
Mississippi,17,11 to 50,2022-08-17
Missouri,25,11 to 50,2022-08-17
Montana,2,1 to 10,2022-08-17
Nebraska,17,11 to 50,2022-08-17
Nevada,109,101 to 500,2022-08-17
New Hampshire,15,11 to 50,2022-08-17
New Jersey,367,101 to 500,2022-08-17
New Mexico,16,11 to 50,2022-08-17
New York,2675,>500,2022-08-17
Non-US Resident,3,1 to 10,2022-08-17
North Carolina,188,101 to 500,2022-08-17
North Dakota,3,1 to 10,2022-08-17
Ohio,119,101 to 500,2022-08-17
Oklahoma,15,11 to 50,2022-08-17
Oregon,116,101 to 500,2022-08-17
Pennsylvania,362,101 to 500,2022-08-17
Puerto Rico,66,51 to 100,2022-08-17
Rhode Island,33,11 to 50,2022-08-17
South Carolina,73,51 to 100,2022-08-17
South Dakota,2,1 to 10,2022-08-17
Tennessee,99,51 to 100,2022-08-17
Texas,1078,>500,2022-08-17
Total,13517,,2022-08-17
Utah,73,51 to 100,2022-08-17
Vermont,2,1 to 10,2022-08-17
Virginia,189,101 to 500,2022-08-17
Washington,303,101 to 500,2022-08-17
West Virginia,5,1 to 10,2022-08-17
Wisconsin,43,11 to 50,2022-08-17
Wyoming,0,0,2022-08-17
Alabama,30,11 to 50,2022-08-16
Alaska,2,1 to 10,2022-08-16
Arizona,205,101 to 500,2022-08-16
Arkansas,20,11 to 50,2022-08-16
California,1945,>500,2022-08-16
Colorado,155,101 to 500,2022-08-16
Connecticut,69,51 to 100,2022-08-16
Delaware,10,1 to 10,2022-08-16
District of Columbia,344,101 to 500,2022-08-16
Florida,1268,>500,2022-08-16
Georgia,1013,>500,2022-08-16
Hawaii,12,11 to 50,2022-08-16
Idaho,9,1 to 10,2022-08-16
Illinois,851,>500,2022-08-16
Indiana,95,51 to 100,2022-08-16
Iowa,15,11 to 50,2022-08-16
Kansas,3,1 to 10,2022-08-16
Kentucky,15,11 to 50,2022-08-16
Louisiana,114,101 to 500,2022-08-16
Maine,3,1 to 10,2022-08-16
Maryland,335,101 to 500,2022-08-16
Massachusetts,228,101 to 500,2022-08-16
Michigan,99,51 to 100,2022-08-16
Minnesota,75,51 to 100,2022-08-16
Mississippi,16,11 to 50,2022-08-16
Missouri,24,11 to 50,2022-08-16
Montana,2,1 to 10,2022-08-16
Nebraska,17,11 to 50,2022-08-16
Nevada,83,51 to 100,2022-08-16
New Hampshire,15,11 to 50,2022-08-16
New Jersey,335,101 to 500,2022-08-16
New Mexico,16,11 to 50,2022-08-16
New York,2620,>500,2022-08-16
Non-US Resident,3,1 to 10,2022-08-16
North Carolina,180,101 to 500,2022-08-16
North Dakota,2,1 to 10,2022-08-16
Ohio,116,101 to 500,2022-08-16
Oklahoma,15,11 to 50,2022-08-16
Oregon,105,101 to 500,2022-08-16
Pennsylvania,353,101 to 500,2022-08-16
Puerto Rico,54,51 to 100,2022-08-16
Rhode Island,33,11 to 50,2022-08-16
South Carolina,71,51 to 100,2022-08-16
South Dakota,2,1 to 10,2022-08-16
Tennessee,93,51 to 100,2022-08-16
Texas,1048,>500,2022-08-16
Total,12689,,2022-08-16
Utah,73,51 to 100,2022-08-16
Vermont,2,1 to 10,2022-08-16
Virginia,189,101 to 500,2022-08-16
Washington,272,101 to 500,2022-08-16
West Virginia,4,1 to 10,2022-08-16
Wisconsin,31,11 to 50,2022-08-16
Wyoming,0,0,2022-08-16
